case,model,n,mean_Hz,std_Hz
flat,ff,2,1.521,0.097
flat,hebb,3,1.174,0.045
flat-10string-left,ff,2,1.5,0.045
flat-10string-left,hebb,2,1.129,0.1
flat-10string-leftright,ff,3,1.561,0.065
flat-10string-leftright,hebb,4,1.08,0.059
flat-5string-left,ff,2,1.461,0.031
flat-5string-left,hebb,4,1.183,0.019
mass,ff,2,1.414,0.02
mass,hebb,2,1.122,0.006
rough,hebb,2,0.708,0.506
slope_down,ff,1,1.442,
slope_down,hebb,1,0.984,
slope_up,ff,2,1.555,0.033
slope_up,hebb,2,0.812,0.058
slopeup-grass,ff,3,1.602,0.045
slopeup-grass,hebb,5,0.617,0.167
