case,model,trial,main_freq,joint_std
flat,hebb,0,1.2,2.220446049250313e-16
flat,hebb,1,1.2,2.220446049250313e-16
flat,hebb,2,1.1228070175438596,0.1860807318911967
flat,ff,0,1.4526315789473685,0.20096719044249245
flat,ff,1,1.5894736842105264,0.0446593756538872
flat-10string-left,hebb,0,1.2,2.220446049250313e-16
flat-10string-left,hebb,1,1.0578947368421054,0.1786375026155489
flat-10string-left,ff,0,1.4684210526315788,0.13397812696166161
flat-10string-left,ff,1,1.5315789473684214,0.29028594175026684
flat-10string-leftright,hebb,0,1.0157894736842108,0.24551376399348634
flat-10string-leftright,hebb,1,1.073684210526316,0.11164843913471803
flat-10string-leftright,hebb,2,1.073684210526316,0.11164843913471803
flat-10string-leftright,hebb,3,1.1578947368421053,0.1566618533277602
flat-10string-leftright,ff,0,1.547368421052632,0.22329687826943606
flat-10string-leftright,ff,1,1.6315789473684212,0.2676459396861289
flat-10string-leftright,ff,2,1.5032894736842106,0.2512089880531156
flat-5string-left,hebb,0,1.1666666666666667,2.220446049250313e-16
flat-5string-left,hebb,1,1.1666666666666667,2.220446049250313e-16
flat-5string-left,hebb,2,1.2,2.220446049250313e-16
flat-5string-left,hebb,3,1.2,2.220446049250313e-16
flat-5string-left,ff,0,1.4824561403508774,0.07443229275647872
flat-5string-left,ff,2,1.4385964912280702,0.26051302464767545
mass,hebb,0,1.118421052631579,0.02411881944713602
mass,hebb,1,1.1263157894736842,0.024965349948697754
mass,ff,0,1.4000000000000001,0.2121320343559643
mass,ff,1,1.4289473684210527,0.2667128307225248
rough,hebb,0,0.35,5.551115123125783e-17
rough,hebb,2,1.0657894736842108,0.1348026155249021
slope_down,hebb,0,0.9842105263157894,0.14783759900198043
slope_down,ff,0,1.4421052631578948,0.26963091630028396
slope_up,hebb,0,0.8526315789473684,0.15258620015078128
slope_up,hebb,1,0.7710526315789474,0.20539806632724059
slope_up,ff,0,1.5315789473684214,0.16239209074254224
slope_up,ff,1,1.5789473684210527,0.161665500562186
slopeup-grass,hebb,0,0.9105263157894737,0.145619319286915
slopeup-grass,hebb,1,0.5302631578947369,0.16152622146762008
slopeup-grass,hebb,2,0.5144736842105263,0.16845188862450736
slopeup-grass,hebb,3,0.6000000000000001,0.17528172811370363
slopeup-grass,hebb,4,0.53,0.10838527769514009
slopeup-grass,ff,0,1.5657894736842108,0.2680596121736178
slopeup-grass,ff,1,1.6526315789473685,0.2009671904424925
slopeup-grass,ff,2,1.5868421052631578,0.2679562539233233
