sensor,importance,importance_pct,std
pos/joint0_m,0.84058297,1.162563,0.45948851
pos/joint0_h,0.71240681,0.985290,0.53219438
pos/joint0_f,0.76152056,1.053217,0.52289450
pos/joint1_rf,0.49405956,0.683306,0.34012583
pos/joint1_lf,0.63268542,0.875032,0.58768642
pos/joint1_rh,0.73969048,1.023025,0.61440206
pos/joint1_lh,0.74563557,1.031247,0.72054881
pos/joint2_rf,0.90997320,1.258533,0.83817297
pos/joint2_lf,0.48412314,0.669564,0.47793269
pos/joint2_rh,0.48062778,0.664729,0.49263641
pos/joint2_lh,0.40123618,0.554927,0.36791959
pos/joint3_rf,0.50299591,0.695666,0.40989345
pos/joint3_lf,0.42529359,0.588200,0.34573451
pos/joint3_rh,0.52242935,0.722543,0.32893291
pos/joint3_lh,0.85999840,1.189416,0.86712676
pos/joint4_rf,0.75598216,1.045557,0.57886654
pos/joint4_lf,1.23524570,1.708399,0.51362085
pos/joint4_rh,0.50526053,0.698798,0.42586404
pos/joint4_lh,0.86575329,1.197375,0.72680193
vel/joint0_m,0.76357794,1.056062,0.51751596
vel/joint0_h,0.86521387,1.196629,0.57067406
vel/joint0_f,0.72283351,0.999711,0.46113533
vel/joint1_rf,1.11844766,1.546863,0.51515889
vel/joint1_lf,1.45062613,2.006280,0.71133220
vel/joint1_rh,1.27134371,1.758325,0.50424778
vel/joint1_lh,2.56319833,3.545017,1.33181322
vel/joint2_rf,1.85842001,2.570277,1.18448603
vel/joint2_lf,2.01056552,2.780701,1.34992874
vel/joint2_rh,0.99689120,1.378745,0.81883669
vel/joint2_lh,1.12762618,1.559557,0.79853249
vel/joint3_rf,1.02106678,1.412181,0.61820590
vel/joint3_lf,1.40202510,1.939063,0.57259810
vel/joint3_rh,1.41459608,1.956449,0.73319578
vel/joint3_lh,1.46381891,2.024526,0.65641177
vel/joint4_rf,1.92583549,2.663516,1.21883261
vel/joint4_lf,1.22263217,1.690954,1.07042396
vel/joint4_rh,0.96135038,1.329590,0.61199558
vel/joint4_lh,1.01597071,1.405132,0.53153533
action/joint0_m,2.31072783,3.195839,0.86579341
action/joint0_h,2.19633055,3.037622,0.83811927
action/joint0_f,2.21282601,3.060436,1.06534445
action/joint1_rf,2.10806561,2.915548,0.76401007
action/joint1_lf,1.43782556,1.988576,0.52439052
action/joint1_rh,1.39998138,1.936236,0.92618585
action/joint1_lh,1.64068782,2.269144,0.75818127
action/joint2_rf,1.31739008,1.822009,1.21283340
action/joint2_lf,1.40111911,1.937810,1.04610682
action/joint2_rh,0.97670186,1.350822,0.80075997
action/joint2_lh,0.72803515,1.006905,0.67894143
action/joint3_rf,1.14105833,1.578134,0.54947668
action/joint3_lf,1.38150740,1.910686,0.70257062
action/joint3_rh,1.35293686,1.871171,0.86429232
action/joint3_lh,1.35551596,1.874738,0.77755046
action/joint4_rf,1.20279419,1.663518,0.85496563
action/joint4_lf,1.49581456,2.068778,0.54595417
action/joint4_rh,0.73919225,1.022336,0.61931741
action/joint4_lh,0.96168476,1.330053,0.62123471
imu/roll,0.06732620,0.093115,0.06335713
imu/pitch,0.08788061,0.121543,0.06821579
imu/yaw,0.46449116,0.642412,0.40827441
fc/foot_0,1.39745450,1.932741,0.68036216
fc/foot_1,1.54215217,2.132864,0.84183985
fc/foot_2,1.93582177,2.677327,0.84797418
fc/foot_3,1.39740217,1.932669,0.51890647
